start	end	text
40	10408	Yo no hablo, yo no exhibo ni oculto, pero de temas míos, viste, que tienen que ver con cosas muy íntimas, casi no.
11209	16473	Aunque sea escritoria, haya hecho tanta literatura conmigo, eso nadie conoce absolutamente nada.
17234	21057	El otro día una chica me hace un reportaje que viene al Florida Garden y me dice,
21477	24540	nos enteramos por Instagram que tenés cuatro hijos.
25360	26581	Sí, sí, bueno.
27704	31027	Bueno, la novedad es entonces, es por Instagram, es la primera vez que sale algo...
31047	35831	Por Insta... no, cuando era embajador, sacaron fotos de mis hijos y demás,
36211	41656	pero es el único tema en lo que yo no entro, que son cosas privadas, viste.
41676	42196	Spectacular.
42777	44718	Después es el resto de lo que vos quieras, hablamos.
44738	45359	De lo que sea.
45419	46420	Lo que te parezca.
46500	47401	Lo que dé, bueno.
47421	49022	Lo que te parezca.
48904	52665	Con esa introducción, entonces, doy la bienvenida al invitado de hoy, Jorge Asís.
53385	59508	Voy a hacer algo excepcional, que es que voy a arrancar presentando el equipo, porque hoy hay circunstancias extraordinarias.
59548	64630	Así que, tenemos a Agus Santoro, asistente también en producción, y ahora...
65671	71555	¿Cómo podemos decirlo? A digital positionment de cosas del canal, con todo lo que estamos
71575	76679	evolucionando como formato. Trinidad Rebord también, hábil hacedora de fichas e investigación,
77140	81363	la tenemos a Agustina Leunda, particularmente entusiasmada con esta nota, coordinadora
81383	85045	con la editorial, que también hizo esto posible, productor ejecutivo de este ciclo,
85566	90630	y a Tomás Islian, productor ejecutivo.
89930	96932	artístico, audiovisual y quiero decir una cosa particular para hoy también, yo no sé
96972	103174	si vos lo notas Turco, pero vos sos una referencia estética en Tom y Cisleán, si bien todavía
103194	108435	ese mostacho necesita, hay evoluciones en los mostachos para llegar a esa curva, esa
108475	114236	curva cultivada en años, está presente tu influencia, aunque tiene la complejidad de
114256	114897	ser armenio.
115898	118121	Y ahí, quizás, hay un conflicto en puertas.
118141	119663	No sé cómo os... Fraternidad.
119983	122727	Fraternidad. Claro, porque mi origen es sirio.
122787	125570	Y el origen es armeño.
126391	127573	Y yo, por ejemplo...
129197	130698	y a tíos armenios.
131059	131920	Ah, está todo bien entonces.
131940	135002	Fue una maravilla, un tío que me enseñó tanto.
135042	135183	Sí.
135203	137785	Kalaidjian, gran tipo.
137965	139326	Kalaidjian no puede ser más armenio.
139466	142349	Yo tengo muy buena relación con los armenios,
142489	143550	estuve en Edeban,
144211	148375	estuve en Edeban en la época comunista
148715	152178	y estuve en Edeban, capitalista también.
154441	163566	Nunca, no, no, miento, creo que tanto en la Ereban como en el país vasco es donde noté
164206	171870	más fervor y amor viste por la propia tierra, un orgullo por la identidad.
173152	180775	La primera vez que yo estuve en Ereván, yo, como producto de ese viaje,
181315	184857	yo escribí un libro que se llamó El sentido de la vida en el socialismo.
186238	196102	Fui invitado por una revista literatura y gazeta que publicaba seis millones de ejemplares.
197585	202850	Y ahí, en esa revista, me publicaron dos artículos sobre Malvinas,
204231	208054	escritos en el año de la guerra de Malvinas, en 1982,
208094	214260	que yo era una especie de estrellita en ese momento en Buenos Aires,
214280	218704	fueron los dos, tres años míos, de gran hegemonía después de Flores Robada,
218724	220406	y me invitaron,
221228	226732	Tenía un gran amigo ruso que, no sé si era de la KGB, creo que no,
227632	230534	pero que era cineasta y estaba acá en Buenos Aires.
231034	237538	Fui, anduve por Moscú, San Petersburgo, Leningrado en aquel momento,
237558	240300	me piden conocer una república.
240320	242661	Y me dan elegir.
243363	247204	y entre esas repúblicas socialistas soviéticas
247885	251626	estaba la república socialista soviética de Ucrania.
251646	256408	Podría haber elegido Kiev, que en ese momento...
257648	261529	Bueno, te digo, te pongo de Ucrania porque es lo que pasa en la actualidad, ¿no?
261549	262170	Sí, es cierto.
262970	266091	Bueno, no te olvides que ya Ucrania...
267151	271213	Un ucraniano había sido secretario del...
273395	277078	prácticamente el hombre fuerte de la Unión Soviética, que fue Nikita Khrushchev.
277779	283804	Para que me piden qué ciudad quería ir, qué lugar, y yo pedí Armenia.
284025	284765	Era emocionante.
284785	286367	Y una maravilla.
287127	288749	Fue un viaje de en Lobosibirsk.
291593	300937	la Siberia, a Ereván, y en la comunicación interna que tenían los amigos Bolcheví que decían
301577	306979	ahí va un argentino que tiene problemas estomacales porque eso la verdad venía comiendo muy mal
306999	315642	y me recibieron los armeños, que vos no sabés lo que era, en ese momento me recibieron
316082	319664	en una casa que hacían un corderito
321645	331488	que yo digo, ¿dónde está el corderito?, y tenían un corderito y lo hacían bajo tierra y una calidez,
331548	341971	unas ganas, y todos los brindis, todos los brindis terminaban muertes al turco, todos los brindis.
341991	342011	Sí.
342691	343151	Y a veces...
344812	351894	Eran seis, siete personas y casi había un homenaje para cada uno de los presentes.
352314	354835	Tenías que brindar y yo diría ¡Muerte al turco!
354855	357976	Con un conía carmeño, que no sabe lo que es el conía carmeño.
358557	361738	Ahí te la jugabas y brindabas muerte al turco, me imagino.
361838	362758	Y claro.
363498	364699	¿Por qué?
364839	367900	Y yo, para acuerdo, porque todos me decían turco, a mí se enojaban.
369433	380477	Pero no, los armenianos. Y estuve ahora, estuve hace cuatro meses en un muy lindo viaje.
381537	390020	Sabes que te escucho hablar y a mí lo que me pasa es que vos caminas una cornisa,
391781	394501	que yo creo que son las pasiones de mi vida, o sea, son lo que más me interesa.
394722	400063	Vos oscilás en el péndulo entre, para mí obviamente, entre la política y el arte.
401884	406386	y logras algo que es un análisis político, por supuesto,
406426	410948	y hay análisis histórico, de correlación de fuerzas, de análisis sociológico, de todo,
411388	412248	pero hay arte, hay poesía.
412268	422311	Siempre hay arte. Siempre está el arte en un sentido narrativo que solo lo utilizo, digamos,
423513	433501	Cuando hago periodismo, o cuando hago literatura, la entrega es la misma, yo quizás es una disciplina distinta.
435103	441426	Pero lo trabajo como si fuera un cuento, el texto, el análisis político, si vos querés.
441706	448470	A veces sale mejor que otras, pero por supuesto que hay un bagaje cultural, creativo,
448510	450951	que es el que me interesa más, ¿no es cierto?
451051	453132	¿Y cuál crees que llegó primero a tu vida?
453192	456174	O sea, ¿vino primero la política o la literatura, por ejemplo?
456194	461036	Yo soy un profesional de la palabra y yo me resignifico.
461957	469380	Yo parejo el peronismo en esto, siempre me resignifico, siempre puedo aparecer de alguna forma nueva.
469520	470001	Mutado.
470021	472682	Claro, mutado.
473282	477003	La mutación es una característica de mi vida, siempre yo.
477644	479424	Yo entré a la literatura de casualidad.
479925	480165	A ver.
481165	484386	Y sí, de casualidad, porque yo era vendedor domiciliario.
485909	492596	se sabe y está en mis libros y demás y por mis conocimientos de vendedor llegué
492616	497261	una vez a ser está contado en flores robadas en los jardines de kilmes
497641	503307	director de relaciones públicas del instituto argentino de ciencias que
503367	503688	hacía
505191	511314	cursos de literatura dados por escritores que eran todos un fracaso hasta que me
512294	516516	buscaron a mí porque una chica que trabajaba yo en ese momento estudiaba
517016	520038	periodismo decía que iba a la facultad pero
520258	525620	instituto privado de periodismo que me permitía salir de Villa Domínico
526121	529542	tres cuatro veces por semana y venirme al centro
533465	542107	Y me ofrecen, como yo era vendedor, me ofrecen a ver si podía atender este curso de literatura.
542127	548128	Y hice una o dos cosas y se llenó el curso de gente.
548148	551969	Fue una de las veces que gané dinero más fácil en mi vida.
552609	554190	Me dijiste acá hay algo entonces.
554670	561972	No solamente acá hay algo, conocí unos personajes extraordinarios que eran los que daban los cursos.
564012	572174	más los cursantes, yo escribía, pero escribía, versos, cosas más o menos de barrio,
572294	579055	algún poema para ver si podía seducir a alguna chica, cosas de jovencito.
580675	585836	Y cuando llego ahí, empiezo a conocer unos tipos queridos, Conrad Olané-Roxley,
586676	590177	paso de almirosa, a bailar o tocar.
590577	596599	Isidoro Blandstein, no, tipo del carajo, que uno sabe lo que era,
597200	600881	qué bueno sería ser como estos tipos, yo pensaba.
601821	605582	Y ahí es donde yo empiezo a mentir que escribo.
606883	612465	Razón por la cual yo me hago escritor para justificar mi mentira.
613245	613685	De pronto...
614526	618407	Se me pasó y escribí. Si vos querés, demás.
618427	622508	Y yo siempre cuento una historia, cuando la cuento casi me quiebro,
623349	629450	porque es una amiga mía que se suicidó la señora Marta Lynch,
631231	636892	una escritora que casi hoy es una escritora muy poco reconocida,
636912	638913	pero cada vez que publica una novela,
640294	647095	era un acontecimiento cultural, la señora Ordoñez,
650796	658597	el cruce del río, una novelista, y aparte muy mundana, muy centro ella,
660317	664758	y pide a todos los cruzantes, anónimamente,
666339	673260	que pongan algo de lo que ellos escriben para ver qué material tenía y yo ahí le meto
673840	675940	de contrabando un cuento mío
677461	680841	que se llamaba y está publicado Quiero Retruco.
682361	688863	Ella, una especie de salita de profesores que había que una cosa así. Dice estuve viendo el material
688883	692803	dice más o menos ahí algunos temas interesantes dice
693403	695604	pero hay un monstruito
696724	703626	que yo no sé quién es, un monstruito que si escribe y sigue escribiendo
703646	706026	va a dar mucho que hablar en la literatura argentina.
706646	714748	Por supuesto, ese monstruito nunca le dije que era yo, nunca le dije que era yo.
714788	719629	Después hablábamos de colega a colega, tuvimos algunas diferencias alguna vez.
719969	721089	Nunca se lo dijiste, al fin.
721109	724410	No, nunca, no se lo dije, no se lo dije.
725430	726590	Y quiero retruco.
728332	732455	Un cuento que empieza, mira, yo tengo una memoria atroz.
733276	737879	Los muchachos se quedan jugando al truco y los dejo porque no soporto
737899	742903	verlos vivir, verlos mintiendo, porque la vida no es más que eso,
742963	747948	una parretida de trucos donde triunfan los que más maña se dan para mentir.
749028	751751	Eso escribe un pendejo de 19 años, 20 años tenía yo.
754434	761081	Y ese Tiro y Retrucos está publicado, incluso en todos los cuentos de la manifestación y demás.
762124	765045	O sea que ahí sacaste un galardón íntimo del monstruito.
765265	767186	Del monstruito, del monstruito y...
767606	770908	Y ahí empecé a escribir desesperadamente y todo mezclado,
770928	773329	como una especie de depósito sociológico,
773829	776190	porque yo era vendedor domiciliario,
776550	778231	había hecho una empresa,
778531	780432	quería hacer mucho dinero,
781212	783533	este, era un muchacho de barrio,
784474	784934	este...
785574	788076	Y empecé a escribir de una forma desorbitada.
789517	792499	Por eso digo, me puse a escribir para justificar una mentira,
792519	794100	yo cumplo hasta con mis mentiras.
794140	795961	Bueno, una simulación exitosísima.
796341	799182	Cuando me quise acordar ya estaba.
799222	800383	Eras un escritor, ya estaba consumado.
800403	801383	Ya estaba, ya estaba.
801563	803644	Uy, tengo que sacar un libro nuevo, porque ahora hago esto, escribo.
804185	808747	Ahora escribo y bueno, pues todo tan de rápido.
808787	814210	Imagínate que yo publico mi primer libro serio, digamos,
814270	816671	es la Manifestación de 1971.
822550	833851	El día que salió, o sea, 50 años, el último 29 de diciembre de 2021,
834071	845733	que se cumplían 50 años, tampoco dije absolutamente nada, como si no hubiera pasado nada.
846673	847954	Y después digo, ¿sabes qué?
849034	857021	50 años. Hace 50 años que publiqué La Manifestación. Cuentos que todavía se leen.
857041	863306	Cuentos que están en todos los cuentos. Después publicó Don Abdel Salim.
863326	871472	De tu viejo, ¿no? Mi viejo, porque en realidad yo pude empezar a escribir, si vos querés,
871492	875716	como para justificar la mentira, casi que es una pose que vos lo decís.
877699	879540	una frase que casi queda bien.
880540	882381	Te puedo contar otra que queda bien,
882401	884882	que era para decirse uno a los iguanalistas.
885723	888524	Yo empecé a escribir novelas para entender a mi viejo,
889485	892006	porque Don Alvarez Sarín era mi padre.
893027	896068	Y a ese muchacho de quiero retrucos,
896088	898650	le creció un barrio, una familia, un padre,
898690	900951	y todo mi primera época...
901751	904473	Vos hablás de mutaciones, es el primer asís, entonces,
904513	905273	es esa búsqueda.
905413	906114	Ese es el asís.
907656	910277	Es el vendedor que se convierte en escritor.
910498	911578	Hermoso, capitulazo.
912979	914180	Que se convierte en escritor.
916521	918482	Viajes siempre en mi vida.
919404	921325	hay desplazamientos, viajes.
922585	926746	El desplazamiento Villadomínico-Capital,
926927	931688	era un desplazamiento sociológico, eran 14 kilómetros,
932248	934449	pero vos estabas en un barrio donde decías,
934489	936530	me tengo que ir a la capital.
936570	937110	Claro.
937850	938890	La capital era...
938910	940011	El viaje al centro.
940091	941491	El viaje al centro.
941751	943092	Tomarse el colectivo,
943772	946693	y a veces con alguna novia tomarse el colectivo
946733	948413	para ir a un hotel, alojamiento.
950296	956323	de la capital, que era la Constitución, a donde vos creías que era la capital, ¿no es cierto?
956343	960628	No importa, hay monomito ahí, vos sos transformado, viajas al centro y vuelves.
960648	963691	Después tengo toda esta etapa que te digo...
966075	971958	que no es que tenga un discurso armado, pero en realidad yo separo mi obra
972318	976900	de acuerdo a las circunstancias institucionales de la Argentina.
977700	981822	Toda la primera parte de mi obra, que empieza en 1971 con la manifestación,
981842	983563	sigue Don Abdel Salim, 72,
989627	996471	74, la familia Tipo, y los reventados que tengo la primera mención,
996671	1001713	Casa de las Américas, La Habana, Cuba. ¿Sabés lo que era eso en 1974?
1001833	1002934	Tener esa cucarda.
1002974	1003314	Hasta el 76.
1012049	1017733	por supuesto en toda esa primera etapa estaba una militancia de izquierda que
1017753	1022236	asumo, yo fui miembro del Partido Comunista durante unos cuantos años.
1022276	1024057	¿Vos arrancaste orgánicamente ahí?
1024418	1027680	En el Partido Comunista, sí.
1028040	1030442	De pronto en el colegio secundario
1032465	1039191	Cuando yo estudiaba en el colegio secundario había toda una onda nacionalistona, taquarense.
1039371	1039931	Taquara, claro.
1040012	1045917	Claro, pero que no, yo no entré, pero teníamos que ver esa cosa, San Martín, Rosa Perón,
1045937	1051662	toda esa cosa, íbamos a lugares a salto donde se tomaba una bebida horrible que se llamaba
1051702	1052923	Lágrima de Indio.
1053225	1056968	todo el mundo tenía así como... ¿Bebían lágrimas de indios? Lágrimas de indios,
1056988	1062993	había una bebida que se llamaba lágrimas de indios. ¿Y qué te generaba eso vos?
1063393	1067976	Todos los muchachos tienen amigos que tienen bandas de rock, había bandas de
1068016	1071079	folklore, porque era una cosa...
1071981	1076084	que tuvo que ver con la época, pero yo empecé a militar en el Partido Comunista.
1076284	1080127	Y fue medio como contestatario a eso, o sea, si están tomando lágrimas de indio, me voy al PC.
1080147	1091936	No. Algo de eso, con la lágrima de indio es la etapa, te diría, secundaria, de colegio secundario y demás.
1093318	1098842	En la izquierda, que de pronto uno no sabía, el aire te depositaba en la izquierda.
1099883	1100703	Era un momento...
1101585	1106126	vos encontrabas a alguien en una reunión, en una fiesta, y la pregunta era
1106707	1109827	¿con quién te analizás?, ¿dónde militás?
1111207	1112868	Era otro mundo, había una...
1113788	1114728	lo natural
1115408	1116629	era
1117549	1119489	tener presente y estar
1120149	1121930	bien ubicado y con la
1122610	1125110	certeza de un futuro
1125951	1127831	revolucionario próximo
1128751	1130572	que en mi caso me sorprenden era el PC
1132233	1140217	Si no hubiera estado en el Partido Comunista, seguramente hubiera tenido una militancia
1142358	1149642	próxima a la persona que entrevistaste últimamente vos también, y en ese momento
1150664	1155189	la presencia del pesete hacía casi un demasiado maduro.
1156090	1158853	¿Por qué? Claro, porque el Partido Comunista tenía...
1158933	1159534	Era serio.
1159814	1162057	...una cosa de reformista.
1163821	1167925	muy tomada en joda por todo el resto de la militancia,
1168566	1171889	casi como si fueras un blando en aquel momento.
1173871	1182540	A mí, el Partido Comunista me sirvió mucho el marxismo, te diría,
1183323	1185023	hasta como interpretación.
1185383	1186304	Como lente de análisis.
1186704	1189765	Claro, vos hoy lees algunas cosas que tienen que ver
1189785	1193426	con mi manejo de la dialéctica en alguna obra
1193486	1197827	y que me parece que viene de aquellas lecturas tempranas
1197887	1204049	en un pibe que estaba deseoso de recibirlo de todo.
1204589	1207930	Pero bueno, la primera etapa concluye en el 76,
1209130	1212031	que viene después la segunda, que es...
1212992	1223554	La que comienza en la Argentina en 1976, que paradójicamente me instala a mí, lo más alto, porque yo publico mi novela.
1223634	1224935	Eso es Flores Robadas.
1225015	1226815	Flores Robadas en el 80 ya, ¿no?
1226955	1227015	Ok.
1227035	1231897	Que eso viene la etapa, si vos querés del éxito, el otro escritor.
1231917	1233997	Pero le escribís en dictadura, vos estás escribiendo.
1234017	1239638	Pero claro, la resignificación es que ese escritor se convierta en periodista.
1240840	1248647	Y no solamente me convierto en periodista, me representaba oberdán Roca Mora.
1248667	1254933	Yo era oberdán Roca Mora. Durante años ni siquiera me identifiqué como Jorge Aziz,
1254953	1261399	porque sabía que Jorge Aziz, ese Jorge Aziz había quedado apartado en el 76.
1263602	1274068	Y, silenciosamente, en aquel momento donde el proceso no tiene plazos, tiene objetivos
1274108	1281852	y demás que vos te parecía que había militares, desesperadamente me puse otra vez a escribir,
1282012	1284434	y muchísimo, y escribía.
1286216	1291158	un bulincito que tenía en Almagro, después lo tuve que alquilar, ese bulincito de Almagro,
1291618	1297681	escribía mismo en la redacción, ya a la mañana, la etapa mía de Clarín, iba a escribir novelas,
1298522	1306266	y escribía lo que iba a ser después, flores robadas, carne picada, las calleros, caballos muertos y canguros,
1306306	1310608	que eso marca la segunda parte.
1313031	1315232	que la que viene con él es éxito y tantas cosas.
1315552	1318274	Ahí en esta segunda, Dicho sea de paso, Flores Robadas,
1318294	1321176	tiene para mí lo que es la dedicatoria más estremecedora que leí en mi vida,
1321196	1325318	que es Aroldo Conti, In Memoriam, con signo de pregunta, ¿no?
1325458	1326979	Que es...
1327119	1330161	Lo único que yo podía hacer por mi gran amigo Aroldo Conti.
1330301	1330661	Es impre...
1331162	1333723	Otro tipo que me quiebra, si yo lo recuerdo.
1333743	1333963	Claro.
1334824	1335004	Es que...
1335064	1335824	Era un amigo.
1336765	1337626	Conti era un amigo.
1339728	1345336	Y era un problema porque yo cuando estaba con Conti ya no era comunista, ya ni siquiera era izquierda.
1346277	1352827	Yo estaba en un pozo de septicismo atroz que se ve en mis libros, se ve también en parte de Flores.
1356091	1358273	tuve la suerte de ser su amigo, ¿sabes?
1358993	1362336	Bueno, supongo que la sensación es que nada nunca alcanza, ¿no?
1362356	1366899	Pero es un honor para mí ser honrado con esa dedicatoria que es de vuelta.
1366959	1369682	Es el vértice entre política y arte.
1369762	1370862	Es muy poderosa, en serio.
1370882	1372824	Yo recuerdo, lo leí, me estremecí.
1372924	1375646	Dije de ese... y en dos líneas, en una baldosa.
1376026	1376827	Es...
1378048	1380230	Bueno, insisto, poderosísima.
1381170	1383632	Hay algo igual de esta mutación que creo que, o sea,
1385234	1388176	Tiene que haber sido mucho más grande que esto que estamos hablando acá.
1388656	1392437	¿Haber pasado del Partido Comunista a redactor en Clarín?
1393098	1397039	¿Ahí hay una operación subjetiva? ¿Ahí hay algo que pasa?
1397280	1399080	¿O no? ¿O no sucede nada?
1399100	1403062	Sí, sí que había algo que pasase. Sabía que yo, digamos,
1403822	1408524	también mi ingreso a Clarín tiene que ver con la magia,
1409124	1413466	con el azar, con lo que era. Yo me iba de la Argentina.
1414688	1418111	contado, esto está contado en el libro diario de la Argentina. Yo me iba de la
1418151	1422654	Argentina, pensaba irme a Brasil, había publicado
1422674	1426617	cosas reventados en Brasil, pensaba irme y yo
1428498	1433022	voy a despedirme de Fernando Sánchez Sorondos, llevo algunos ejemplares míos de
1433062	1434443	mi libro para irme.
1435505	1438846	y estaban en ese momento armando el concurso Clarín Sudamericana
1438866	1443948	y dicen, yo digo, que lo saludaba a Sánchez Orondo,
1443988	1446048	le dicen a Sánchez Orondo, está Jorge Aziz,
1446428	1449369	y apareció un típico, ¡Jorge Aziz, dónde está, lo quiero!
1449909	1452130	Y al día siguiente me llaman para ir a Clarín.
1453130	1456391	Llegué como dispuesto a quedarme a barrer,
1456411	1459853	y en 20 días era Obertán Roca Mora.
1460053	1464014	Eso, ¿qué es la construcción Obertán Roca Mora? ¿Qué es?
1464655	1467036	Obertán Roca Mora, que es el negrito Roca Mora,
1467056	1469138	es personaje de mi novela Los Reventados.
1470118	1472500	Y Obertán era un nombre que me gustaba,
1473420	1475962	que tuvo que ver, habían secuestrado Obertán Salustro.
1475982	1482606	Y publiqué un libro, en 1972, como Obertán Roca Mora,
1482887	1484688	que se llamaba Cómo Levantar Miras.
1487053	1492155	un libro con el que viví un año, un año y medio,
1493516	1498077	un año que yo no tenía ganas de andar por la calle vendiendo cosas,
1498998	1501159	y escribí un libro en un día que es...
1501779	1502319	En un día.
1502419	1504220	En algunos lo tienen, sí, sí, sí.
1504460	1506541	¿Cómo levantar minas por la roca mora?
1506601	1507761	Por la roca mora.
1507822	1508403	Sí, sí.
1508423	1509024	¿Y funcionó?
1509364	1509965	No solamente.
1510165	1510966	Lo prohibieron.
1511326	1511606	¿En serio?
1511626	1512928	Lo prohibió.
1513989	1514550	Se prohibió.
1514630	1516392	Estaba en la lista de los prohibidos.
1516452	1517453	A veces parecía también...
1517533	1518354	¿O verdán rocamurí?
1518394	1519715	¿Cuándo se empezó a trabajar en Clarín?
1522412	1525213	mi manera de reivindicar eso, ¿verdad, Roca Mora?
1525513	1530814	Yo no podía firmar en ese momento por distintos temas, no correspondía que
1531754	1537796	ese Jorge Asís que estaba en una lista de escritores de la subversión marxista,
1538557	1541738	y tenían la condecoración cubana.
1542139	1543879	¿Condecoración cubana, encima?
1543999	1545320	Estaban marcadas.
1545480	1550883	Todas estaban. Por eso te digo, es casi un festival ideológico.
1551663	1559307	Acordarme de todo eso, porque se mezcla el éxito, el laburo,
1559948	1565971	los años de Obradán Roca Mora, las cosas que yo hice en Clarín,
1566311	1567752	que sí, yo he estado...
1568853	1577478	40 días en un auto de carrera, corrí a un auto como navegante, el auto que tenía
1577498	1580299	que llegar o llegar, que era de Bordeaux y Fangio.
1580860	1583921	¿Corriste con Fangio, como verdad, en Rocamora?
1583961	1587183	Corrí, corrí, corrí, sí, corrí, salí con...
1587925	1592806	Pero todo esto está contado en el Buenos Aires, verdad, en Roca Mora.
1592826	1597288	Pero Jorge, ten en cuenta que acá hay nuevas generaciones mirándote que no saben esto.
1597548	1599109	No saben qué es eso, verdad, en Roca Mora.
1599169	1600809	Capaz, si los sapores no saben qué es fangio.
1602150	1603830	Sí, puede ser, puede ser.
1604611	1612013	Pero yo me sorprendo porque la verdad tengo una relación con los jóvenes
1613034	1615715	que a mí me reconforta, te digo.
1617599	1628724	Porque siento, a ver, es muy como presentártelo sin quedar como un patán o el colmo del ego.
1628884	1634287	Siento que yo soy reivindicado por los hijos y casi te diría a veces,
1634307	1637708	hasta los nietos de los que me negaron y me combatieron.
1638068	1638649	Hermoso.
1638889	1640529	Eso es una banadilla.
1641150	1641750	Porque tengo...
1645355	1648780	Demostraciones cotidianas de esto que te cuento.
1649421	1655910	Y aparte, todas estas cosas que yo te cuento así, medio locadamente.
1657254	1661596	que no sé por qué surgen, porque yo casi de mi pasado ya no quiero hablar,
1661636	1668118	porque tenés que explicar muchas cosas, el origen, la calle, el barrio,
1668639	1675001	la izquierda, el éxito, el éxito que nunca se pudo disfrutar,
1675701	1678182	porque yo no podía disfrutar de mi éxito.
1678202	1679963	¿Cómo es eso? Por favor, desarrolla eso.
1680523	1685285	No podía disfrutar de mi éxito porque era una etapa indigna, ¿entendés?
1688126	1690067	eran los años del proceso militar.
1691567	1694407	Yo termino mi novela en el 78,
1695127	1696568	la publico recién en el 80.
1696608	1700288	Ya era otro momento del proceso,
1700968	1705109	pero vi en ese éxito, en ese momento,
1705749	1710250	que está todo publicado en distintos medios y demás,
1710870	1715671	donde empiezan a ser objetos de polémicas,
1717312	1722137	También tenés que hablar de un tipo que tenía treinta y pico de años,
1722837	1731685	se llevaba todo por delante, habré metido patas y habré tenido actos de soberbia,
1731946	1737391	atroces, pero fueron momentos muy difíciles, por lo que era la Argentina.
1738593	1744495	Está todo contado, qué sé yo, tenía escritores que yo más o menos admiraba
1744615	1750897	y de pronto uno aparece y te dice que sos el éxito del nazismo, y otro declara...
1750917	1753038	Gente que vos admirabas, que de repente te...
1753058	1759219	Que tenían que yo era el éxito del nazismo, que mi literatura era neo-fascista.
1759260	1762701	Todo esto que te cuento, todos lo saben y está contado.
1763401	1765581	De los momentos feroces que yo pasé cuando...
1767103	1774985	Voy a presentar un libro mío afuera, en Europa, y casi había movidas para...
1775205	1775965	Para impedirlo.
1776286	1777666	Para hostigarlo.
1778326	1781867	Y después viene el otro momento, que también está contado.
1781887	1784668	Yo tengo un libro que se llama Cuadernos del Acostado, que vos sabés.
1785088	1788850	Sí, sí, Turco, pero no te enojes. Recordá que es para la gente que no lo sabe.
1788870	1792551	Bueno, para la gente que no sabe. Después de todo ese éxito,
1793771	1796592	y de toda esa cosa que fue Feroz,
1797113	1803098	Felizmente, años después de Malvinas, cambió el país,
1804439	1808102	viene el tema en que yo me quedo solo.
1809243	1813146	¿Por qué? Bueno, pasó el tema del fenómeno Asís,
1814207	1819471	me habían aniquilado de afuera, broncas adentro,
1821332	1823394	yo me voy del diario, me voy mal.
1826042	1832404	me voy con broncas, publico mi novela del diario de la Argentina,
1832424	1838465	que fue atroz y que eso es objeto también de mitificación, de cosas, el turco,
1838926	1844027	y después, a partir de 1983, 84, yo dejo de trabajar en perfil,
1853070	1858593	y pasan seis años donde yo no tengo nada que hacer en la Argentina, y famoso.
1860354	1866798	Que eran los años en que yo vivía de repercusiones de ese pasado,
1868539	1876263	publicaba algunos libros pero ya no tenían, por supuesto, el eco, o no se publicaba.
1876323	1877664	Eso no te vuelve loco, eso.
1878045	1883167	Para nada, y eso tiene que ver con cosas que ahora todo el mundo quiere negar, pero...
1884048	1886289	En aquel momento era la época de Alfonsín.
1887849	1889350	Y no era que los tipos...
1890230	1891211	Eran mis lectores.
1892211	1893992	El problema es que no sabían qué hacer conmigo.
1894732	1897734	Porque estaba la novela de Clarín.
1899455	1903056	Y no había que irritar al monstruo.
1904157	1905317	Razón por la cual no...
1907199	1909179	no había un lugar para trabajar,
1910100	1914181	no solamente para trabajar, un lugar para aparecer, ¿entendés?
1914221	1919163	No es victimización, es real, y yo lo que hacía, ¿verdad?
1919383	1922984	Vagar por Buenos Aires, tenía un par de amigos,
1923924	1927665	me bancaban, tomaba café,
1927705	1929786	porque no te podías quedar todo el día en tu casa.
1930546	1934728	Hubo un año entero que lo único que lo utilicé fue para planificar
1935528	1945651	mi partida del año siguiente, y bueno, fue en años que todo está contado en cuadernos del acostado.
1945671	1950712	Y algunos libros que publiqué también en esa época, partes de inteligencia,
1951552	1955353	cuando me doy cuenta que me seguían.
1956753	1959654	Mi novela sobre los servicios de inteligencia, que es una novela
1961294	1968195	Después, cuando pasó, si vos querés toda la época del acostado, fue mucho más leída y valorada.
1969056	1973176	Y de ahí, como salgo, salgo también por la política.
1975317	1983798	Me resignifico nuevamente del exitoso al caído, al que se recupera,
1983818	1987419	y termino con un tratamiento de su excelencia como embajador,
1989259	1998742	en Francia, digamos, todas cosas que son, después si vos querés objeto como de mitificaciones,
1999262	2008224	por los cambios, por las cosas, y acá le tenés que incorporar el otro factor, el menemismo,
2009584	2011164	que es para...
2011204	2015325	Pero ahí hubo una reivindicación o no, a vos, ahí estabas en primera.
2016346	2025392	Sí, sí que estaba en primera, pero con una relación bastante difícil con la cultura, porque también...
2027074	2031676	El tema político también es apasionante y está muy contado.
2031836	2037499	A mí me apasiona la cultura menemista, si es que me encantaría hablar de eso con vos,
2037519	2044403	porque yo soy nacido en los 90, entonces yo no puedo no pensarme como influido por cultura menemista,
2044783	2050046	lo cual al interior del espectro nacional y popular, para decirlo rápido y pronto si se quiere,
2050587	2057393	Es todo un tema y yo veo un montón de cosas de ese proceso, de ese Mene Mismo.
2057413	2059435	Y vos fuiste Secretario de Cultura.
2059455	2065079	Pero eso fue, el Secretario de Cultura fue lo menos importante de lo mío en el Mene Mismo.
2065379	2070364	Mira, si a vos te interesa este tema, era maravilloso.
2072085	2075688	¿Por qué de pronto yo me sorprendo defendiéndolo a Mene?
2078321	2084944	en 1988, 1987, 1988, cuando Menem empieza a decir que quería ser candidato a presidente,
2085444	2092647	que estaba tan interesante, con esa ropa brillante, las patillas, todas esas cosas muy locas.
2094348	2102251	Y yo me sorprendo defendiéndolo a Menem. Lo atacaban desde la izquierda. A mí me atacaban
2102271	2103191	desde la izquierda.
2104733	2109154	lo masacraban desde la derecha, a mí también, masacraban desde la derecha,
2109414	2116357	y de pronto, sentía como que me divertía al bancarlo por lo que generaban el otro.
2116417	2116837	Ha divertido.
2116877	2118137	¿No es cierto?
2118297	2121538	Hasta que el 3 de marzo de 1988,
2125381	2128803	¿Por qué te me acuerdo tan exactamente? Porque yo nací el 3 de marzo.
2129844	2134867	Y los 3 de marzo yo los celebraba en la embajada de Marruecos,
2135207	2139310	porque era un aniversario del rey de Marruecos.
2139590	2141071	—Pectacular. —¡Una maravilla es!
2141131	2145054	Y siempre que nos encontrábamos con Menem, ¿dónde lo conozco yo a Menem?
2145074	2146635	—Tiene que ser por ahí.
2150839	2156883	Yo Menem lo conozco cuando yo soy actor de cine, improvisado, llevado por Haroldo Conti y por Azarquís,
2157264	2161987	y filmo una película que se llama La muerte de Sebastián Aracha y su pobre entierro,
2162588	2163048	en 1971-72, cuando...
2167813	2179202	El loco de Aroldo Conti, que me creía mi capacitado para hacer cualquier cosa, era el guionista, estaban en La Rioja, en un pueblito que llamaba Patquía,
2180163	2187308	se les muere un actor en plena filmación, no tenían un mango, no sabían cómo hacer,
2188170	2191513	se caía el proyecto al demonio, que se dice, ok,
2192293	2196797	y le dice a Roldo Conti, a Nicolás Sarkis, el director,
2197457	2199239	¿y si lo ponemos al turco así?
2199939	2201020	Ya fue, mandalo al turco.
2201100	2204442	Ese hombre tiene una barba que se dice, terminé en Patquía.
2204903	2206464	Y ahí es donde lo conojo Menem,
2207445	2213389	porque Sarkis también tenía el proyecto de hacer Facundo Quiroga.
2213989	2214109	¡Oh!
2215672	2222096	Pero era mucho más loco el proyecto. Quería que Facundo Quiroga fuera hecho por Menem,
2222116	2223236	que en ese momento era gobernador.
2223316	2225117	¡No, no! ¿Cómo no se hizo eso?
2225478	2230541	Te cuento, te cuento. La génesis de todo esto, bueno...
2230981	2238986	Y Menem venía a Patquía, un pueblito que está entre Chilecito y La Rioja,
2239807	2249233	que todo el brillo social era un micro de una empresa Monticas
2249473	2253855	que pasaba por un barcito que había en la ruta y decía,
2253895	2255416	15 minutos para Gramo Empatquía,
2256416	2261439	que era un lugar que tiene un cruce de vientos maravilloso,
2261459	2268163	y ahí se filmó esa película con Luis Abeil y Jorge Asís.
2271725	2273365	que ganó premios en Europa.
2274145	2275946	Buenísimo, buenísimo.
2276606	2279627	Nicolás Sarkis es un cineasta de culto.
2279787	2280187	Claro.
2280707	2283428	Un cineasta que hizo palo y hueso,
2283928	2284988	muchas cosas, bueno.
2285489	2290250	Y Conti era el guión, era un estilo rulfiano,
2290450	2293451	era la onda latinoamericana y demás,
2293511	2294611	y lo hicieron en Patquilla.
2294771	2295992	Ahí lo conozco a Menem, yo.
2297292	2298132	¿Qué Menem era ese?
2298873	2304975	Era el menengobernador de La Rioja, que venía a saludar a los muchachos que estaban haciendo una película.
2306535	2314537	El paisano Zarquís, y el otro paisanito era yo, que fui a ponerle el hombro a Zarquís y a Conti, ahí lo conocí.
2314597	2316058	Y después...
2317798	2318559	Los 3 de marzo.
2319219	2320499	Los 3 de marzo.
2321680	2331428	Siempre que lo veía Menem, Menem estuvo preso pero cuando salió, alguna vez que hablamos y nos
2331448	2338314	sentamos juntos el 3 de marzo en la Embajada de Marruecos y le digo, te voy a atajar algunos
2338334	2341516	penales, dale Jorgito, si no te voy a atajar algunos penales.
2342558	2345220	No puedo creer que fue en la embajada de Marruecos la conversación.
2345280	2346961	Es una escena espectacular.
2347001	2350543	Al día siguiente estuve en el lanzamiento de su campaña y me subí ahí,
2350603	2352344	y se me dijeron que no me bajé más.
2353624	2355065	Y era muy divertido.
2355205	2355966	Era muy...
2357066	2357607	Había una...
2358407	2360488	En la peripecia del semenismismo,
2362009	2363830	si vos querés el estado de Popeya,
2363850	2367212	fue la interna menemcafiero de los 88,
2367612	2371154	que seguramente los muchachos que ven algunos deben...
2373431	2379953	conocer algunas cosas de lo que fuese interna, fue la última gran interna del peronismo,
2381053	2387995	que fue, bueno, para mí una gran experiencia política total, lo que aprendí en esa campaña,
2388015	2399357	no se podía creer. Y a partir de eso, el menevismo, cuando te dicen, estamos en condiciones
2399437	2400577	de darte una embajada.
2401998	2408641	Voy a decir acá, me destacan y también me dicen, para Huaca no hay nada.
2408661	2408981	Claro.
2409121	2414183	También no te olvides que seguía el espectro de Clarín, el estigma de Clarín.
2414843	2417904	Pero sinceramente, métete el Clarín donde quieras.
2418344	2419524	Yo me fui a París.
2420385	2422305	Estoy en París pasando la espectacular.
2422466	2424686	Y ahí pasó, no sé si pasando la espectacular.
2425227	2430128	Ahí empieza otra etapa de mi vida, que es la que acá menos interesa.
2431029	2431729	¿es funcionario?
2453612	2457234	Pero estaba en el exterior y escribía, haciendo lo mío.
2457734	2459976	Retiré toda mi obra de circulación.
2459996	2461317	Todas esas cosas.
2462819	2467561	que ya estamos llegando más a una época más cercana, todos los noventa.
2468021	2472783	Y ahí, en eso, o sea, la política cultural del menemismo,
2472823	2474703	o sea, si vos fuiste secretario de Cultura,
2475544	2477644	¿fue un diseño, hubo una decisión?
2478205	2481886	O sea, si uno tiene que definir, o menos, me importa menos definirla,
2482166	2483227	si uno tiene que intentarla.
2483247	2486768	El menemismo fue el último,
2488649	2491149	por no decir probablemente único,
2492111	2498192	proyecto capitalista que hubo en la Argentina.
2498232	2505474	Proyecto de una sociedad con una vocación estratégica que podrás discutir,
2505574	2512436	pero que fue el último tipo que intentó verdaderamente
2512476	2516418	una reconciliación nacional, que a mí no sabés lo que me costó,
2516458	2519598	porque yo estaba en Europa,
2522210	2528854	Bueno, la reconciliación nacional que proponía el Mene Mimo,
2528874	2532236	te puedes imaginar que no era del agrado de mucha gente.
2532256	2534317	¿Y a vos te quedaba incómoda?
2535618	2537359	Y a mí no es que me quedaba incómoda,
2537379	2539280	lo que pasa es que estaba en un lugar
2540781	2544783	donde era casi absolutamente imbancable.
2545664	2548705	Y yo sí estaba convencido que...
2551144	2558287	Con Menem, hoy, lo que hoy se denomina grieta, no hubiera existido.
2559527	2561768	Menem intentó hacer otra cosa.
2561788	2565870	Ahora, como todo en la Argentina, todo después termina mal.
2566510	2570512	Ahora empieza Menem a ser un poco más revalorado.
2571852	2574793	No está, está muerto.
2575874	2579875	Ya alguno se atreve hasta...
2581437	2589281	evocarlo, si vos querés, poniéndole un rol en la historia que en su momento se
2589361	2598567	negó. Hoy no solamente está Javier Milei que dice que fue el mejor presidente o
2599927	2606872	tiene sus motivos. Hoy aparece Macri. Hoy Macri se atreve a hablar bien de los
2606912	2610213	noventa, cosa que no hizo.
2611495	2620919	cuando fue presidente, por distintos temas, y de pronto Macri, que estaba destinado,
2620959	2631444	Macri es un producto del peronismo menemista, y los peronistas estaban, los
2631504	2637907	peronistas que no estaban, digamos, en una situación muy, muy, los que estaban más
2637967	2639508	a lo que se puede decirlo.
2641370	2648953	procapitalistas, y demás estaban, lo miraban, y Macri se preparaba para ser candidato del menevismo,
2650234	2653715	del peronismo en la realidad.
2654896	2658378	Quien lo hace político a él es Ramón Puerta.
2660499	2666902	La primera vez que yo tengo una entrevista con Macri fue para explicarle temas del peronismo de la capital.
2668102	2669343	El cambio lo hace después.
2671085	2678831	Acertadamente, si vos querés, desde el punto de vista político para ganar, es Gualeguaychú.
2679171	2679471	Claro.
2679651	2685936	Cuando se alía con lo que estaba en contra de lo que pensaba el anterior.
2685956	2691740	Casi fue un garrochazo importante que se pasó, el que mandó él en Gualeguaychú.
2691801	2695263	Ahora Macri, ahora revalora.
2696745	2702067	Algunas cosas, por ejemplo, revalora lo que es tener un ministro de economía.
2703267	2709489	Vuelve hoy la figura del ministro de economía a tener fuerza.
2712810	2719832	Sin ir más lejos, el amigo Masa hoy, que lo traman como superministro,
2719852	2722033	en realidad no es superministro, es un ministro...
2724194	2730356	que adquiere el rol otra vez de ministro que tanto Kirchner como Macri
2730756	2735518	te evaluaron en su momento porque nadie quiere tener un ministro de economía
2735538	2740760	y menos si es exitoso y fuerte, porque por supuesto claro que te va a competir
2740840	2741460	en poder.
2742760	2745661	El ejemplo era Fernando Enrique Cardozo.
2746482	2748182	Después de Fernando Enrique Cardozo.
2749203	2752185	que en realidad Fernando Enrique Cardozo también tuvo mucho que ver,
2753106	2756909	tuvo cierta influencia de lo que fue el Domingo Cabaro de acá,
2757009	2762152	un ministro de Economía muy importante, es un eventual candidato a presidente,
2763053	2767316	pasa con Emanuel Macron, Emanuel Macron era ministro de Economía,
2767476	2773160	terminó presidiendo, tenés Sedillo Ponce de León en México,
2773520	2775181	tenés el actual boliviano.
2778551	2782292	Kirchner no quería saber nada, tenía un ministro de Economía
2783052	2786233	y empezaron a fragmentar lo que es el Ministerio de Economía.
2786333	2795715	Terminaron con la economía porque lo que era Caballo en los 90
2796855	2800316	manejaba lo que son hoy siete u ocho ministerios.
2801556	2805797	Y por supuesto que tenía también influencia en el Banco Central,
2807336	2814537	en los impuestos, en la FIP ahora, y lo que pide Amasa es lo más natural
2814557	2818478	que tiene que pedir un tipo que verdaderamente quiere hacer
2818558	2823799	una política homogénea y concreta.
2824019	2824999	Así que no le atén las manos.
2827200	2831781	Y lo que no podés es parcializar, en la Argentina está todo parcializado,
2832101	2837102	la verdad está parcializada, son diferentes verdades.
2838522	2848464	que confrontan. Es muy difícil hoy buscar la verdad, la verdad verdadera, la real,
2848884	2856386	porque son todas verdades que pugnan y que es muy difícil hablar con la verdad hoy.
2857706	2860107	Casi te diría que te tenés que anotar en algún cuento.
2861828	2866770	Hoy, por ejemplo, que se yo, hoy que tenemos un momento político interesantísimo,
2867530	2869011	tenés un oficialismo
2872912	2884777	que se encarama en la aventura de fortalecerse y de reaccionar.
2885037	2886637	Y luchando contra sí mismo, además.
2886757	2887758	Que este tipo...
2889920	2900665	en coincidencia, justamente, con el inicio de un juicio que es una hoguera colectiva
2902926	2911731	sobre la Presidente, o la vicepresidente actual, que no puede defenderse.
2914145	2920167	digamos, el juicio este que arrancó ayer y que entusiasma tanto
2920187	2925688	a todo lo que significa anti-peronismo, anti-quillerismo,
2926688	2934190	en realidad te diría que es una exaltación de las tergiversaciones
2935050	2936871	y donde no podés hablar con la verdad,
2938051	2942912	porque no puede defenderse con la verdad nadie del quillerismo.
2944773	2948654	porque tienen que aceptar que, la verdad, el gran líder,
2949814	2953475	Néstor Kirchner, fue un líder de culto
2953535	2955515	y fue un fenómeno recaudatorio.
2956495	2959076	Fue un fenómeno recaudatorio muy importante,
2959676	2962096	muchas veces, si vos querés, al borde del delito.
2963796	2969617	Pero creer, como puede creerse hoy,
2970798	2974138	que la doctora, que es Cristina, era...
2976537	2981559	de la asociación ilícita, pero eso es un disparate.
2982560	2985121	No solamente es un disparate, sino que es un atentado
2985161	2986922	contra la realidad histórica.
2987422	2989763	¿Que alguien pueda creer que en el 2007, 2008, 2003, 2004
2990084	2995086	tenía algo que ver con las decisiones de Kirchner la doctora?
2995126	2997908	Y la doctora no puede decir nada, no puede defenderse,
2998388	2999028	porque no puede...
3006311	3010593	decir la verdad de lo que tiene que ver con lo que era su marido.
3010633	3019337	Y es muy difícil meterse en esa historia porque lo querés pintar como lo que no era.
3020097	3023638	Y si vos lo querés pintar, si vos lees churrasquito, por ejemplo,
3024299	3027820	el churrasquito está más o menos eso desarrollado.
3030322	3037527	¿Vos a Soraya le decís cómo es? Porque Soraya tiene un epíteto, que no recuerdo ahora,
3038008	3044892	pero es algo como olvidadora compulsiva, algo así, lo estoy parafraseando, no es exacto.
3045133	3054939	Puede ser, mira, acá en lo que está, y es un trabajo sobre Perón y Mimmo,
3056402	3063944	Es una novela, es una novela, pero de pronto hay muchas señales
3064084	3066204	de lo que yo verdaderamente creo de esto, ¿no?
3067144	3070645	A ver, y al margen, ya no hablo de churrasquitos.
3072246	3077607	La doctora es presidente por Néstor Kirchner, el furia,
3078627	3084789	pero no hace una buena presidencia por Néstor Kirchner, el furia.
3085730	3090632	Porque Néstor Kirchner tuvo dos grandes errores.
3091933	3095514	El primer gran error de él fue no haber ido por la elección en el 2007.
3097436	3101298	cuando tenía a todo el país en el bolsillo,
3102278	3106721	tenía los medios de comunicación que hoy le tiran,
3106941	3112224	los tenía, pero a su merced hacían la cola para celebrarlo.
3112964	3117027	Él deja a la Presidencia como con un 75%, 80% de aceptación,
3117067	3122590	pero cuenta el que escribió la Marroquinería Política,
3123651	3129435	que yo contaba exactamente lo que era ya en el 2005-2006, ¿no es cierto?
3129515	3135198	Ahora, el primer error de él es no ir por la reelección.
3136519	3140461	Algunas cosas se le escapan directamente.
3140481	3144824	Y el segundo error fundamental fue morirse.
3146705	3147466	Fue morirse.
3148808	3154610	porque él tenía que resolver ese enorme quilombo que había dejado.
3156311	3162975	Y él se arrepiente en el 2007 de no haber ido por su reelección.
3166536	3171179	Y la primera denuncia de lo que tiene que ver, que se hace la coalición civil,
3171199	3177142	que lo hace Carriolla en el 2008, cuando había hecho todas las tropelías ya,
3178523	3185706	cuando había que ser loco para publicar la marroquinería política,
3185746	3188747	cuando se reían de mí porque decían, ahí viene la oposición,
3188927	3191968	porque yo contaba, yo tengo un problema con la verdad.
3193288	3201191	Y la verdad es que ese gobierno era lo que yo contaba también en la marroquinería política.
3202272	3210777	es que todos, en su momento, porque no hubo un presidente como Kirchner que tuvo tanta protección periodística,
3212317	3221943	enorme protección periodística, era muy difícil establecer alguna línea crítica real, ¿no es cierto?
3222423	3225185	Bueno, el tipo no va por la elección,
3226106	3231249	¿Vos creés que ese no ir tiene que ver con un exceso de ambición en esa continuidad de alternancia?
3231409	3232550	¿Ahí se asusta el resto?
3232570	3234371	No, es información.
3234671	3241334	Él no va porque él consideraba que un país como la Argentina no es para pato rengo.
3241995	3245777	Que en el segundo año de...
3247899	3251900	de una reelección, ya todo el poder se evapora.
3251920	3254360	Siempre te toman el pulso, digamos, el segundo, ¿no?
3254380	3255761	Fue una equivocación de él.
3256421	3260922	Una equivocación de él que él...
3260942	3266564	él intentó ver si podía generar
3266584	3268044	lo que había generado en Santa Cruz,
3269724	3271125	la reelección indefinida.
3272125	3272825	¿Y por qué no?
3274307	3282114	podía hacerlo y cómo intenta lograrlo, en misiones con la elección de Rovira se llamó
3282154	3293064	un plebiscito para ver si podía darle otro periodo más a Rovira en misiones.
3293725	3295426	Hay un solo tipo que se aviva.
3297010	3301813	gran desconfiado, que conoce muy bien el peronismo,
3302254	3308378	Francisco, que le pone al obispo Piña,
3309459	3316384	y ahí es donde pasa a ser Francisco el enemigo público del kilerismo.
3316404	3317165	Porque lee eso.
3318226	3322549	Porque se da cuenta y porque le obtura esa posibilidad.
3325139	3332623	Yo no sé qué hubiera pasado, esto es directamente de hacer una historia de ficción,
3333583	3340407	pero si Kirchner seguía en el 2007, él resolvía todos estos líos.
3340947	3346149	Todo lo que dice el fiscal Luciani, de lo que se abre y que se va a hablar,
3346990	3351652	y que yo te digo dos o tres semanas más pasa un plano secundario, porque...
3353134	3359300	En el fondo, no importa tanto, no importa tanto desde el punto de vista político
3359360	3363124	y casi te diría, en un país donde pasan tantos escándalos,
3363344	3367528	en tres semanas más lo que pueda decir el fiscal importa menos.
3367628	3372953	Pero todo lo que dice, tal vez es cierto, en gran parte es cierto.
3375136	3383058	Pero la jefatura de la asociación ilícita no son hereditarias.
3384198	3387779	Eso casi te diría, hasta en el mundo del delito,
3388399	3392140	es una profanación creer que muere un mafioso
3392180	3396581	y es la esposa del mafioso, la capitana y la jefa.
3397381	3399542	Pero ella no se puede defender,
3400262	3403003	no se puede defender porque no puede asumir.
3404965	3412213	Todas esas cosas ocurrieron, y que por supuesto que no tenía la menor responsabilidad.
3413175	3419522	Y cuando veo que te ponen como prueba un WhatsApp...
3421345	3424368	Limpien esto. Y claro que tenés que limpiar eso.
3424848	3426329	¿Cómo no lo vas a limpiar?
3426469	3429071	El WhatsApp va a razonable el mundo.
3429111	3430292	Tenés que limpiar.
3430412	3434195	Pero el problema es que ¿qué le estás acusando?
3434896	3440420	Si en el fondo lo que estás haciendo es un juicio a un muerto.
3440460	3447365	A un muerto que cometió el error de morirse, que si no se moría,
3448488	3460496	con su gran concepción recaudatoria de la política podía haber arreglado su situación y dejó un quilombo extraordinario, por supuesto.
3461577	3472084	Pero bueno, ahora tenés ese gobierno con un masa que es, bueno, yo lo puse en una nota mía
3472104	3477908	que fue la primera que hablo de una...
3479750	3486673	la última bala alojada en la recámara para ver cómo salvan esto y tenés un
3486733	3494675	momento de recuperación con una especie de operación política, operación
3494875	3506680	político-judicial destinado a condenar a la vicepresidente. En un momento en que
3508501	3516145	En recuperación, lo que más se quisiera es llegar a una especie de concordia o de convivencia.
3517846	3526711	Pero bueno, pero es muy difícil hablarlo crudamente con la verdad, decir...
3527831	3530473	Este es el problema, digamos.
3531733	3536896	Aus Trial,ump십os Aus Trial, hooft so Aus Trial.
3538317	3545839	Es lógica consecuencia de la caída de Gotti,
3546480	3549600	Constructora Gotti, que era la anterior
3549640	3554261	y que ya la manejaba Kirchner desde la gobernación de Santa Cruz.
3558943	3560663	La ustral para las arobaes.
3561203	3564664	La ustral para las arobaes es un regalo que le hace un porteño,
3566986	3573769	a Lázaro, que quería ser constructor, tenía reconocida, entre tantas empresas,
3573829	3578251	una empresa que se llamaba Austral, y se queda con todas las obras que tenían
3578331	3581933	ante Gotti, que es una empresa que estaba absolutamente quebrada.
3581973	3590498	Y por supuesto que después hubo todo un manejo que, por supuesto que tiene
3590518	3591278	líneas de...
3593540	3596843	coherencia con todo lo que se acusa.
3598824	3601126	Pero esa es un juicio al muerto.
3602147	3607110	Creer que la doctora, en el 2007 o 2008,
3607670	3611073	tenía algún poder de decisión sobre todo eso,
3611173	3613675	todos saben que es falso.
3613755	3616357	¿Vos ves una posibilidad de prosperación por política,
3616477	3617697	no, obviamente, por justicia,
3617758	3621280	de inhabilitación judicial a Cristina para que juegue electoralmente?
3621682	3629805	No, yo creo que no, no. Eso, mira, ni lo que tiene que ver con las agendas negativas.
3632066	3636548	Cuando se discute poder, todo eso pasa a un plano secundario.
3637168	3643310	Yo no creo que sea el tema hoy de que si va presa o no va presa.
3643650	3649773	¿Cómo se termina esto para mí y qué es lo que haría yo con poder y qué es lo que propondría?
3651234	3658518	Yo propongo directamente la indemnidad de todo presidente elegido democráticamente.
3658979	3665062	Mira, yo lo fui a visitar a menempreso, a menempreso en la quinta de Gostañán.
3667083	3672706	Sinceramente, la amargura, la sensación de injusticia,
3674308	3679130	por un negocito que pudo haber hecho algún turquito atorrante o cualquier atorrante,
3679991	3685933	tenías a un presidente preso y que vos simplemente hacías una pregunta y decías,
3685953	3697578	¿vos te crees que podía circular por Croacia algún fusil sin conocimiento de Estados Unidos y el OTAN?
3699178	3701499	Y en un momento que menem...
3702921	3706642	fue declarado aliado extra-OTAN.
3709503	3710983	Menem va a ser un negocito.
3712603	3714544	O un tipo como Guido Di Tela,
3715104	3718325	que fue uno de los personajes más pre claros de este país,
3719385	3724547	va a tener que morirse amargado por una especie de procesamiento
3725367	3727468	por un tema que fue un tema...
3728389	3733632	escandalosamente mediáticos, que tampoco tiene mucho que ver con la realidad,
3734273	3738055	porque estabas hablando de un país aliado a Estorotán,
3739236	3744720	que no había ninguna posibilidad de que se hiciera algo sin conocimiento.
3745240	3749803	Pero vos no podías contar nada, si lo que querían era tenerlo a Menem preso.
3750464	3753046	Ahora, para mí, tener a Menem...
3754108	3757951	o a Macri, o a la doctora, preso por...
3758751	3767898	¿Sabes cuántas instancias hay en el poder para llegar al presidente de la república?
3768999	3773963	Y esta cosa que me parece que es feroz, que es el rencor.
3775205	3781727	las ganas viste de lastimar al otro y si la pelea política se traslada a la
3781767	3790711	justicia, no hay más política, hermano. Se acabó eso. Yo creo que esto es, o un
3790751	3793972	indulto, paremos con esto.
3794672	3795833	Pasa eso es un acuerdo político.
3796033	3798694	No tiene que ser un acuerdo político.
3798935	3802956	Yo tengo la impresión de que en los últimos años, sobre todo, o sea, lo asocio mucho a macrismo.
3802976	3804997	Hubo algo de agarrar y decir, ¿sabe qué?
3805137	3811340	Causas para todos y vamos a profundizar esto, porque nos vamos a quedar 20 años ahora.
3811620	3812981	Entonces, ¿cuál es la política?
3813041	3817263	Mira, con todo esto, el que acabó fue Menem.
3819024	3821925	Menem, él decía, yo no tengo espejo retrovisor.
3822925	3828366	La gran suerte que tuvo Alfonsín fue ser sucedido por Menem.
3829927	3835148	En Churrasquitos, en un momento les dicen al Providencial,
3836108	3839549	Masud, yo le voy a cuidar la casa por olivos,
3840249	3842570	pero sobre todo le voy a cuidar la memoria.
3843550	3844710	Muy fácil, vos llegás,
3846412	3851274	simplemente te pones a revisar porque hay cosas que tienen que ver con el
3851294	3855797	manejo del Estado. El ejercicio del poder que lo puedes agarrar. Es inexorable si yo
3855817	3860920	empiezo a ver todos los papeles tuyos, si la política es.
3861581	3867483	Yo vengo a sucederte a vos en tu método revor.
3867603	3873005	Mi política es ver de qué manera, cuando te llevaste una moneda que no te correspondía.
3873305	3876106	Si esa es la política, estamos muertos.
3876126	3876726	Vamos todos presos.
3876966	3881288	El único tipo que cortó eso directamente fue Ménes.
3882128	3885470	Después todos hacia atrás y condenar.
3886391	3894755	Pero esto qué te digo, no te lo digo yo, por la doctora, por Macri, atacar a Macri,
3894795	3899477	andá buscándole ver de qué manera lo apresás, es una locura.
3899758	3907201	Si esa es la lucha política, muchachos, hagamos otra cosa, la lucha política no puede terminar
3907842	3912984	simplemente en la justicia y vos no podés pretender que el estadista, que el que te
3913004	3915005	gobierne, este...
3915667	3924210	termine como menem preso en lo de Gostáñam por...
3927973	3932635	por la satisfacción, si vos querés, del orgullo de alguien de creer
3932715	3937617	que la política es terminar y creer,
3938078	3942660	y creer que alguien va a la presidencia para hacer dinero, para enriquecerse.
3943260	3946922	Mira, el tipo que tuvo concepción recaudatoria,
3947042	3951924	el único presidente que tuvo una concepción recaudatoria de la política,
3952845	3954346	pero para la política.
3955487	3957568	que esto es lo extraño.
3957748	3960588	Eso es lo más difícil de entender desde afuera de la política.
3960869	3965370	Yo te digo, mira, todos se enojan, pero no importa.
3965390	3966370	No, pero es cierto.
3966750	3972992	Kirchner fue un líder de culto y un fenómeno recaudatorio.
3974633	3979575	Si vos querés, podía ser un fenómeno recaudatorio casi delictivo, ¿no es cierto?
3980775	3983596	Es un error tomarlo solo como líder de culto.
3984597	3989040	y es un error tomarlo solamente como un tipo recaudatorio,
3989060	3990861	porque tiene una concepción recaudatoria
3990901	3992743	de la política para la política.
3992763	3993523	Sí, para usarla.
3993543	3998687	¿Qué cosa decía Kirchner y está contado en churrasquitos?
3999787	4001509	Yo soy mi propio Yabrán.
4002289	4008934	Yo no quiero tener un capitalista que venga y que sea,
4009414	4011195	directamente, y que se te queda con...
4012397	4021102	Y muchos tipos que han pasado, que todos creen que eran ejemplos de corrupción,
4021923	4028386	salieron, terminaron, viven casi te diría modestamente de lo suyo.
4028566	4030227	Domingo Cavallo, por ejemplo.
4030728	4034850	Domingo Cavallo, que manejó la economía de este país y lo que hizo.
4035410	4041153	Hoy es un hombre absolutamente común que vive...
4042115	4043916	de los pocos ahorros que tiene,
4044817	4046738	y no creo que esté muy holgado.
4048659	4051501	No es tan fácil hacer dinero desde la política.
4052642	4058886	Y Kirchner tenía una concepción recaudatoria para la política.
4059246	4060187	Un iluso.
4061048	4064050	Lo afanaban. Lo afanaban a él.
4064850	4067572	Lo afanaban secretarios que se dejaban maltratar.
4067592	4069974	Le hicieron bolsos.
4071296	4074057	como los que tenía él, pero un poquito más chicos,
4074758	4079040	y le robaban casi el 10% permanentemente tipos.
4079881	4082822	Y el tipo, por supuesto que ahí se mezcla todo,
4083202	4089266	pero es un tipo que jamás se imaginó comprarse un yate
4090166	4092167	o un hotel de cinco estrellas.
4092547	4097270	No era una manera de hacer dinero
4099432	4102294	para el narcisismo personal.
4102914	4106496	Era una concepción recaudatoria de la política
4106516	4109417	para entender una manera de construcción de poder.
4109437	4115180	Ahora, creer que en eso participaba la esposa es
4116581	4120583	tergiversación, falta de información y, lo peor, lo saben.
4120603	4123365	Ahora, ¿cómo queda hoy?
4125607	4131669	escucho a un tipo que fue ministro, que es el que aporta información.
4133649	4138791	La denuncia queda como un operativo político-judicial
4139671	4140912	del rival político.
4142312	4143472	¿Y cuál es el negocio?
4144713	4146794	Después, vas a ver, cuando yo sea el opositor,
4146814	4147854	yo te voy a buscar a vos.
4148174	4151875	Así estamos, muchachos, esto es interminable.
4152976	4153876	Este es un momento...
4155818	4160702	Mira, yo lo suelo decir y está escrito, Argentina cuando se recompone,
4161643	4165746	cuando amaga con recomponerse, se recompone de verdad.
4167067	4169389	¿Sabes qué es lo que tiene a favor hoy masa?
4171891	4176254	El estado de hartazgo.
4178416	4184718	de malaria popular, de sentirse mal y el deseo irracional de que las cosas en la
4184738	4186058	Argentina empiecen a funcionar.
4189139	4196101	Creer que este es un país raquítico, que es un país quebrado, en un momento
4196121	4201982	donde tenés 33 millones de toneladas que no se rinden y tenés 350 mil millones
4202062	4202362	de dólares
4206744	4214209	fuera del sistema de argentinos, Argentina necesita simplemente,
4214229	4220754	te diría, un impulso y arreglar sus problemas concretos.
4221414	4226698	¿Qué es lo que tiene a favor Massa, que está en el piso,
4226718	4228519	estaba en el material de popularidad?
4230121	4233243	Es un tipo que necesita resolver para crecer.
4234045	4242014	tiene ambiciones políticas y si tiene ambiciones políticas necesita hacer lo
4242074	4247040	suyo bien, modificar un poco
4248183	4253905	esta tendencia a creerse que no tenemos solución,
4254485	4255865	que es un desastre,
4256345	4261107	que podemos admitirnos todos, total, somos argentinos.
4261587	4263487	Somos argentinos, carajo.
4263687	4272670	Tiene que ser un motivo, casi te diría, de orgullo.
4273970	4276611	Y, como dijo alguien, Argentina no merece su pasado.
4277552	4282033	Como no mereces su pasado, y hay tantos jóvenes que te siguen a vos,
4282713	4286634	que esos muchachos sepan que se merece su pasado
4286754	4289474	y que puede tener un mejor futuro todavía.
4290014	4293315	Pero si seguimos en esta carnicería, hermano,
4294475	4296996	yo en esta carnicería no cuentes mucho conmigo,
4297436	4304438	yo podré informar, podré entretenerme un poco con esta cosa,
4304478	4304758	pero...
4307099	4309201	si el periodismo es botoneo,
4310562	4313964	si la cosa se basa simplemente en una cuestión
4314565	4315706	de denuncia,
4316366	4318368	si el periodismo es patrullero,
4319789	4321930	me parece que la cosa tiene que ir por otro lado.
4322871	4324412	¿Vos crees que Masa, a mí me...
4325834	4332998	Me da esperanza algo del universo de lo que decís, que es que yo creo en la ambición
4333018	4338381	de masa y veo a la ambición de masa estratégicamente alineada con los intereses del país en este
4338401	4338681	momento.
4338721	4342983	En este momento sí, por supuesto que sí, el tipo necesita...
4343824	4349527	Pero a tu vieja, a tu familia, todos quieren que esto empiece a funcionar.
4349707	4353168	Ojalá te dicen, ojalá. Ya no les importa ni qué piensan, ni qué es.
4353228	4355990	Eso es lo que tiene el tipo a favor.
4356630	4360492	Cuando viene alguien y ya empezar...
4360852	4363333	Porque ¿qué es lo que pasó en algún momento?
4365034	4366634	Le van a dejar todo a masa.
4366955	4369135	No, pues se están adelantando, se están desayunando la cena.
4369336	4370736	¿Le van a dejar todo a masa?
4371718	4376581	Y yo, lo único que está en mi portal es una simple duda.
4377181	4378182	¿Y si le va bien?
4378202	4381984	¿Y si las cosas más o menos empiezan a funcionar?
4382624	4385486	Aparte, ¿por qué no lo dejamos fracasar tranquilos?
4385546	4387247	Y todos fracasan, Argentina.
4388188	4390409	Todos tenemos derecho al fracaso.
4392131	4395713	Casi todo fracasó y casi todo se va al demonio en la Argentina.
4396093	4400356	Casi todo termina absolutamente mal, siempre mal.
4400376	4410581	Ahora, yo, en medio del mundo comunicacional argentino,
4410601	4413803	siento que no tengo nada que hacer, ¿sabes?, que es muy difícil.
4414383	4418005	Porque siento eso, siento que la verdad está parcelada.
4418947	4424831	que vos cambias de un canal y a otro y estás viendo dos países completamente distintos
4424851	4428513	que no tienen la menor posibilidad de tener un punto de unión.
4429314	4429514	Claro.
4429894	4431976	Bueno, por eso viniste al método, el lugar donde la verdad...
4431996	4439281	Por supuesto, donde trato, donde por lo menos me pueden putear todo después como corresponde.
4439401	4440061	Exactamente.
4440723	4443584	¿Sabes que te quería preguntar algo? Porque te escucho hablar esto de lo de masa,
4443784	4448265	este fenómeno de expectativas también y de deseos comuns.
4448285	4451246	¿Hay algo de eso que es propio del peronismo?
4451346	4454367	O sea, ¿encarnar eso o al menos intentar?
4455087	4458988	Mirá, el peronismo, el peronismo es la ideología del poder.
4462590	4466131	Y es el poder el que asigna las claves de la ideología.
4469152	4473654	Yo no creo que esté en punto final el peronismo,
4473754	4479836	habían 50 veces pronosticado el final del peronismo.
4479856	4484738	El peronismo no podía ya ser de esta forma.
4485639	4488360	Es más, ¿te puedo dar un pie de tu propio libro?
4488901	4491822	Un textual, si no me equivoco, se lo dice el presidente Omar,
4491922	4496984	presumiblemente árabe, al Iván, presumiblemente de Ascendencia Croata, ¿no?
4497064	4499365	Cuando lo acusa de haber arruinado el peronismo,
4499466	4502927	el Omar le responde, no puedo arruinarlo, el peronismo está muerto.
4502987	4503747	Por supuesto.
4504468	4506429	¿Lo que existe son los peronistas?
4506469	4508450	Por supuesto, si no hay más peronismo.
4508970	4510010	Existen peronistas.
4510170	4511051	Sin embargo, hay peronistas.
4511571	4512371	Existen peronistas.
4512411	4513212	Por ende sin mortal.
4513593	4519216	Pero por supuesto que sí, y hay un problema en, yo te diría más,
4519557	4524500	se puede propagar porque el peronismo es la izquierda de la derecha
4524520	4525940	y la derecha de la izquierda.
4526701	4529843	El gran problema que puede tener hoy, juntos por el cambio,
4530543	4533825	es que desde el peronismo es donde se puede construir
4533845	4541490	el capitalismo de verdad, los proyectos capitalistas de verdad
4541770	4543131	se hicieron desde el peronismo.
4544412	4550414	que no vacilan y que de pronto, si fracasa, después vas por otro lado y, bueno...
4551094	4555595	Esa, un gorila no te la concede jamás, no la puede tragar.
4556536	4562237	Bueno, pero es un problema de limitación, si vos querés del gorila, que tiene muchas maneras,
4562257	4569019	porque hay mucho liberal de receptario televisivo, ¿entendés?
4569099	4572600	Es que es un receptario que se tiene.
4573121	4577245	Yo tengo que venir acá a hablarte del gasto público, del déficit,
4577646	4580409	de tres o cuatro cosas y nada más.
4582173	4589616	te hago todo, siempre hicimos lo peor, lo que hay que hacer es comerciar y sin disparate.
4590016	4594017	Son cosas que eran viejas hace 400 años ya, ¿entendés?
4594217	4598439	Y te la quieren presentar, es que esto es una de las cosas que tiene buena mi ley,
4599239	4604441	mi ley, toma el liberalismo y te lo presenta como si fuera una cosa contestataria
4604901	4607142	y es un mérito del PIB que yo...
4608443	4612005	Casi fraternalmente le puedo decir, mirá mi ley, para acercarte al poder,
4612045	4616828	hacerte peronista, con esas ideas. Los peronistas te van a bancar también,
4616848	4620750	no te hagan ningún problema. Mira que yo no soy peronista, yo tengo una formación
4620770	4625632	distinta, yo soy peronólogo. A mí me divierten los peronistas,
4626232	4632315	me divierten, me divierten la teoría de los peronistas y me divierten los gorilas,
4633296	4635877	porque el problema de la Argentina son los mellizos,
4636699	4642622	El problema de la Argentina es el nacimiento, del peronismo y del anti-peronismo al mismo tiempo.
4644103	4645924	Uno no existe sin el otro.
4647525	4655289	Yo veo algunos medios de comunicación que parecen las reservaciones de gorilas de Uganda,
4656729	4661672	que es una manera terrible, infantil,
4663234	4669577	y un pregón del liberalismo de recetario que, muchachos,
4669637	4672079	eso lo hacían mejor hablar al sogará y ya.
4673459	4677021	Y con eso no van a construir absolutamente nunca nada,
4677041	4679983	van a hacer tres puntos, cuatro puntos, cinco puntos.
4680423	4683685	Es más preocupante cuando te aparece Juan Manzur
4684705	4689748	que ese va por el capitalismo de verdad, que tiene contactos de verdad.
4690589	4698612	que es proamericano, de verdad, Maza, que ahora el problema es que Maza,
4699273	4704134	mira que Maza es un muchacho que no tiene nada que ver con todo lo que vos abominabas,
4704715	4707256	que decías Venezuela y todas esas...
4708197	4714802	esas consignas baratas que hay, que aparte ni siquiera tienen información ni saben el
4714842	4720065	nivel de relación que hay hoy de Estados Unidos mismo con Venezuela o como con Irán.
4720806	4728391	Uno acá se banca ese recetario televisivo transparente como si fueran verdades reveladas
4728851	4729992	y son tonterías.
4731413	4735096	Y el peronismo, lo que te permite esta oscilación de derecha a izquierda...
4736458	4745405	Digamos, quizás si Chile, Perú, hasta mismo Colombia o Brasil
4746066	4748448	tuvieran algo parecido al peronismo,
4749128	4752991	no se leerían tanto de la derecha a la izquierda, ¿entendés?
4753892	4757555	El peronismo tiene esa cosa extraña
4758576	4762519	de ser la derecha y la izquierda en simultáneo.
4763221	4771166	Cosa que trastorna a los esquemáticos de pronto mismo oficialismo y opositor.
4771206	4773788	Sí, es desordenado, es un quilombo, es un despilote.
4774408	4775789	Tenés que entenderlos.
4776230	4781793	Tenés que tener hasta un desafío de la inteligencia para resolverlo.
4783094	4783774	Y los problemas...
4784795	4789318	Y hay alguna cosa que se dice ahí también que la dice, creo que...
4790400	4792020	la dice el turco, creo, ¿no?
4793020	4797461	El que se hace cargo del peronismo se hace cargo del país, en Argentina.
4797481	4801202	Y eso algunos gobernadores lo saben.
4804983	4807863	Y por supuesto que hay una multiplicidad de peronistas
4809204	4810584	que no hacen peronismo,
4811044	4812324	pero en la práctica es eso,
4812844	4814405	es ese enorme desorden
4815085	4817425	que me parece que va a acompañar durante un tiempo
4818245	4818545	y que...
4820026	4824607	te puedes saltar de un lado al otro y te puedes sorprender otra vez
4825368	4827008	con un proyecto capitalista.
4828608	4831369	Como el que nunca podía haber hecho la UCD,
4832889	4835450	el meredimismo fue letal para la UCD.
4837030	4837971	El meredimismo...
4838171	4839291	Sí, lo desarmó por completo.
4840311	4841712	Ya está.
4841752	4842312	Lo tomó.
4842372	4842852	Sí, exacto.
4842872	4844412	Prácticamente lo absorbió.
4844432	4849234	Ahora, vos acá tenés que dar ejemplos de vida,
4850294	4853056	ejemplos morales, o ir al poder.
4854536	4857598	Creer que la imagen negativa
4860139	4864181	es una desventaja para ser políga, es una tontería.
4865481	4866242	Nadie...
4868223	4870664	Cuando se tratan cuestiones de poder,
4871664	4874486	si tenés imagen positiva o negativa, importa un poco.
4876247	4880989	no es por casualidad que tipos que tienen gran imagen negativa,
4881269	4883009	como la doctora y como Macri,
4884230	4887931	puedan continuar como los dos pesos pesados
4888011	4889251	de la política argentina.
4890011	4893873	Y todos tienen, por supuesto, denuncias atroces.
4894193	4897714	Ahora, si esto se deriva a ver quién mete en cana el otro,
4898534	4900475	muchacho, me parece que no es lo mejor.
4900995	4905058	¿Sabes qué? Tengo una... ¿Cómo estás, turco?
4905078	4907319	De tiempo, de energía, de ganas, de felicidad.
4907359	4911441	No, no. No estás, hijo de... Yo soy Chávez.
4911481	4912242	Perfecto.
4912342	4915264	Yo soy Chávez o Pinalpo. Está cuatro horas.
4915284	4916764	Espectacular. Espectacular.
4916784	4918545	Pero me tengo que ir.
4918585	4920406	¿Cuánto nos queda? Decime de última.
4920467	4921987	A las cinco tengo que tener un auto para irme.
4922007	4922408	¿Qué hora es?
4922448	4923328	Quéan veinte minutos.
4924809	4926390	¿Quéan veinte? Ah, bueno, ya estamos.
4926870	4928611	Proceso de cierre oficial entonces.
4928631	4929992	Si querés, llévate mi celular, que está ahí.
4932962	4935502	Si querés ahí coordinar, Trini,
4935622	4938623	el hábil producción puede dejarme exprimir hasta el último segundo de esto.
4941224	4944085	Percibo, siento, temo, todas juntas,
4944525	4948266	que el principal desafío de Masa es Alberto.
4949026	4951407	Es probable, es probable porque...
4953287	4959989	Mirá, desafío hoy, lo peor que podemos hacer con Masa es idealizarlo hoy.
4961830	4962290	Masa es.
4963911	4972256	Un tipo reconocidamente inteligente, astucia, tal vez a veces se pasa de vivo,
4972376	4979960	creo que ahora con los 50 años eso puede haberlo dejado de lado.
4981841	4986324	Tiene contactos, tiene agendas, sabe de qué se trata, ¿entendés?
4986344	4986724	Ahora.
4987726	4991928	Tomó un bolonquí con una gente que está muy ansiosa.
4991968	4993749	Todos están ansiosos de que esto...
4994609	5001873	Si él simplemente logra resolver algunas variables,
5002753	5003814	¿dónde está?
5003834	5006395	¿Y lo van a dejar? Porque, por ejemplo, vos hablabas de Manzur.
5006575	5010858	Manzur entró como era el rey del norte, el cacique del norte,
5011038	5013419	y a las tres semanas estaba completamente albertizado.
5013479	5013899	Era...
5014399	5014639	No...
5015601	5025967	Mira, Mansur es ante todo jefe, él es un jefe, y como todo jefe, como todo jefe, naturalmente jefe,
5026748	5030550	tiene que saber obedecer y él tiene códigos.
5031070	5037534	Él viene, por supuesto, como jefe de gabinete, premier, jefe de la administración,
5038175	5041036	pero tiene que tener cierta lealtad con el presidente.
5041056	5045179	Bueno, puedes llegar a hacer, venir a hacer tu juego y demás.
5046081	5051964	Intuyo que el presidente, que el presidente no es tonto,
5053024	5059267	el presidente es un perverso que hace tonterías, es perverso.
5060348	5063229	El presidente es otro ángel exterminador.
5063489	5064150	No, no puede ser.
5065350	5066111	El presidente...
5066171	5067691	¿Alberto es un ángel exterminador?
5067711	5070053	¿También es un ángel exterminador?
5070073	5072294	Casi te diría...
5072734	5073915	Porque neutralizó a Cristina.
5074015	5075235	Ese apodo... Mirá.
5076437	5087323	Alberto, con su eterna vacilación y su indecisión, trastorna a medio mundo.
5088083	5089884	¿Pero vos dices que eso es consciente?
5090064	5091605	¿Se come políticos?
5091825	5092546	Sí, por supuesto.
5092666	5096428	¿Él a la noche ríe, por ejemplo, cuando nadie lo ve, celebra lo que está haciendo?
5096608	5102511	Mira, él tiene el mejor trabajo que tuvo en su vida.
5104193	5107214	Es su trabajo, es su trabajo que tiene él.
5107254	5108415	¿Pero él la está pasando bien?
5109455	5111657	Mira, yo pienso que no la debe estar pasando.
5111837	5113938	Él tuvo una época muy buena
5114578	5117199	cuando fue el tema de la pandemia,
5117259	5120241	él se puso al frente y estuvo bien,
5121081	5124223	pero es un profesional del error, se equivoca mucho.
5124783	5127044	Él cree que es un buen comunicador.
5127104	5129485	Mentira, no es un buen comunicador.
5130266	5132467	Él es un buen operador político.
5133489	5147242	Y la doctora se equivocó, la doctora no es líder natural, la doctora es un gran cuadro muy ubicada, si vos querés.
5149944	5152446	le ponen una chapa que no le corresponde,
5152466	5154968	la de jefa, como una grande jefa, más yo...
5155068	5158030	Es lo único que no sería, que yo, sinceramente,
5158450	5162393	casi me lo tomo en chiste eso, ¿no es cierto?
5162934	5165956	Una mujer que quisiera entrar a Patio Bullrich
5165976	5167237	y que la aplaudieran.
5168198	5172641	Es una mujer que quisiera entrar a Estados Unidos bien.
5174102	5175903	Es una mujer que creo que tiene más ganas
5175923	5177744	de hacer el capitalismo que el propio Massa.
5179267	5187950	no creo que le disguste. Y toda esa imagen de… ¿Vos te crees que alguien que está,
5189071	5195994	que viene a ser jefa de una asociación ilícita, va a nombrar como gobernador a Kicillof?
5197655	5205917	¿A vos te parece que alguien que viene a hacer negocios va a nombrar a Kicillof gobernador?
5206878	5210119	Es directamente un contrasentido, a mí me cuesta.
5210779	5217641	Mirá que no es que lo quiera deslegitimar a Kicillof, más bien todo lo contrario.
5218021	5222282	Es un tipo demasiado decente para estar de gobernador en la provincia de Buenos Aires.
5223063	5230727	Es un estilo, si vos querés, que se contrapone a lo que debiera ser un político.
5232188	5237010	Pero bueno, yo no la veo por ese lado.
5237190	5239191	Ahora, ¿se equivoca? Sí, se equivoca.
5240093	5244255	Tiene una atracción por los músicos, posiblemente.
5244275	5246476	Eligió a Boudou, le salió para el Demoy.
5246716	5247576	No había pensado...
5247636	5250398	Elige a este con las baladas y este...
5250418	5252119	¿Decís que es eso? Quizás es un par de guitarras
5252179	5254320	y sos candidato a Insaurral, ¿de toca algo, algún instrumento?
5254340	5257401	No, no, y Masa no sé qué le digas, Masa no...
5259203	5265829	Maza no tiene narrativa, si vos querés, acá tenés que tener narrativa,
5265869	5271213	hay una narrativa importante, Macri les gana mucho por su narrativa,
5271773	5278138	porque, qué sé yo, flaco, pintón, siempre con buenas minas.
5279961	5285384	un padre mafioso, los peronistas todos fascinados entonces con un padre que podía ser mafioso,
5285404	5291748	si no fuera mafioso, así Don Franco fuera el mejor tipo, Boca, tiene hechos, viste, tiene...
5291929	5292269	Sí, sí, sí.
5292329	5298753	Y es una celebrity, y a una celebrity cuesta atacarlo, Masa no es celebrity,
5298793	5305017	Masa tiene que hacerlo con laburo, con tesón, es un pibe de clase media que le fue muy bien, piola,
5306284	5311944	que tiene un modelo económico en la cabeza y tiene una ambición
5312344	5314625	que me parece fascinante tenerla.
5315405	5318385	Y es un tipo que solamente le puede ir bien si resuelve.
5319886	5323486	Entonces, bienvenido a un tipo que quiere venir a resolver.
5324246	5330987	Alberto es un procrastinador total.
5331047	5334768	No decide, no resuelve, te queda todo en la nada,
5334808	5336488	los vuelve locos a todos.
5337369	5338389	los enloquece.
5338889	5344851	Pero a mí lo que me rompe es que digas que eso lo hace con una vocación genuina de ángel exterminador.
5345011	5348191	Extermina, exterminan los muchachos, él no...
5349792	5352292	Pero él es un juego perverso de poder, está ganando, digamos.
5353353	5355313	Ganando no, no está ganando.
5355373	5356113	Pero todos pierden.
5356734	5360895	No lo considera, pero él espera y en algún momento
5361955	5365516	se imagina que puede tener algún regreso pronto porque
5366097	5370380	Porque como todo sale mal en la Argentina, siempre tenés tu oportunidad.
5371240	5375963	Aparte, yo lo que quiero decir es que vos te caigas para ver si después...
5376344	5380006	Yo parezco... Parece una cosa perversa, terrible.
5380026	5381647	Ahora jugó mal.
5383468	5386010	Estas cosas se precipitaron por los gobernadores.
5386390	5386951	Lo apuraron.
5387811	5390273	Y los gobernadores lo apretaron como una naranja.
5391154	5391954	Los gobernadores.
5392776	5396761	Viejos, los gobernadores lo que no quieren es perder, los gobernadores también.
5397562	5403489	Aparte, vos vas a algunas provincias y te parece que estás en un paraíso comparado.
5404410	5407975	Yo ofreceré una charla a un lugar de la provincia...
5408818	5414261	de Córdoba, donde había un olor a dinero, donde miraras, que era una cosa terrible,
5414281	5418503	donde la última vez que mataron a un tipo hace 50 años fue una cuestión pasional,
5418543	5423326	donde no conseguís una hectárea que se venda y no tenés un desocupado.
5423886	5432630	Entonces, esto es acá, a un par de horas de auto, pero en lugares que las cosas están bien.
5433231	5437193	Los gobernadores están bien, los gobernadores, ante tanta indecisión,
5438814	5441135	Pueden perder sus territorios.
5441155	5442255	Se los puede llevar puestos a todos.
5442755	5444495	Y por supuesto que se los puede llevar puestos a todos.
5444535	5446416	Entonces Alberto es una fuerza de inmolación.
5446656	5447236	Es un...
5447276	5449156	Mira, yo...
5450456	5452417	Yo creo que está bien, que hay que
5452437	5454717	contenerlo, hay que...
5454737	5457118	Hay que... qué se yo...
5457198	5458658	El presidente instruye
5458798	5460398	y muy bien, lo que menos hay que hacer
5460618	5462639	es reírse de él. Él...
5464599	5464839	Nadie
5464859	5465939	esperaba mucho de él.
5468500	5482863	Nadie esperaba de él. Hubo una gran ilusión de la tontería anticristinista de creer que, como Kirchner lo reventó a Dualde,
5483723	5491045	éste tenía que reventar la Cristina. Un disparate pensar que este muchacho tenía alguna fuerza,
5493476	5497779	El albertismo. ¿Qué es el albertismo? Nada. Cuatro, cinco amigos de Alberto.
5497799	5500681	El albertismo es el randacismo sin randazo.
5501121	5504944	Es todo lo que tenía randazo en el 2017.
5506184	5508266	Todo eso, menos randazo.
5510227	5512709	Es el único que se quedó afuera del randacismo.
5514630	5517012	Se quedó afuera y están todos ahí adentro,
5517472	5521955	todos los muchachos que, por supuesto, que lo acompañan,
5522657	5528339	pero que decida, que tome alguna determinación.
5529419	5533841	Es un muchacho que decía algo a la mañana,
5535802	5538743	lo relativizaba a mediodía, lo negaba a la noche,
5538883	5542785	después lo volvía a decir, los atormentaba a todos.
5542845	5545426	Yo, por supuesto, nunca te voy a decir quiénes,
5545466	5550428	pero gente de gobierno no sabían ya más qué hacer con este muchacho.
5550829	5554533	porque no le podían creer absolutamente nada, ¿entendés?
5554613	5564381	Y a la doctora, ¿qué sé yo?, con el tema Guzmán, por ejemplo.
5564661	5567724	La salida de Guzmán fue lo peor para él,
5569706	5573229	porque Guzmán era un gran macañador.
5574350	5576031	Bien. Tipo...
5577833	5585155	que llegaba casi a convencer o a entusiasmar a la doctora que podía pagar 20 años el
5585215	5591577	arreglo con el fondo y demás, lo que pasa es que se olvidó que había algunos tipos
5591597	5597438	en el mismo gobierno que no solamente hablan con gente del fondo, sino que hablan con tipos
5597458	5599099	que instruyen a los del fondo.
5603181	5609326	Yo te diría que si llegan a un buen entendimiento, el Turco Mansur, Juan
5609346	5612548	Mansur, el Menensito, con masa
5615170	5620795	y no compiten y no tienen, porque verdaderamente trafican los dos la misma
5620815	5625719	mercadería, como otro más que también tiene problemas, que es Scioli.
5627821	5640805	¿Vos te crees que Scioli es un castrista frutrado o Scioli es un tipo que viene con el Shah?
5640825	5647267	Sioli hoy es un tipo que tiene lo que hizo en Brasil, te demuestra que es un tipo que
5647287	5656950	sabe trabajar con productores, empresarios, sabe armar, él llegó también con ganas
5658108	5661629	de tener otro protagonismo.
5662909	5666350	Y no fue más el que lo sacó.
5666490	5671052	Casi te diría que me parece que el que termina también
5671812	5676553	desgastándolo por su carencia de iniciativas
5676693	5678734	y de llevar a la práctica es Alberto.
5679674	5686116	Y Alberto habrá que celebrarle las baladas
5687937	5689217	y ya no me corté ni suerte.
5690078	5697761	Pero no creo que él esté decidido a bajar los brazos.
5697801	5702864	Él espera su momento, él espera ver cuándo puede reaparecer.
5703584	5703844	Bien.
5704084	5708886	Y la doctora necesita que a Sergio le vaya bien
5710247	5716749	y que Sergio pueda encarar lo que ella quisiera que encare.
5718732	5726998	A ella también le gustaría ser recibida en los Estados Unidos, me parece.
5728140	5732762	Hermoso, Turco, creo que estamos justitos, ¿no? Ahora sí, con el tiempo, a ver si...
5733063	5736824	Bueno, yo cualquier cosa te he hecho la culpa de todo a vos, ¿sí?
5736844	5737205	No, eso...
5737285	5739866	Este se me saca de contexto todo.
5739886	5744968	Sí, eso es protocolo habitual últimamente, así que no te preocupes, ya es tratamiento estándar.
5745128	5746529	Turco, muchas gracias por venir.
5746549	5748010	Por favor, lo he pasado muy bien.
5748030	5748590	¿Lo pasaste bien?
5748830	5754293	Pues sí, me arrepentí de haber tenido un compromiso, lo podía haber hecho...
5755234	5758115	Nosotros se avisamos siempre. ¿Quiere que te duro más acá?
5758155	5763677	Bueno, le sacó el récord a Ophelia Fernández, Fernando Vaca Narbaja.
5763697	5767398	Fernando Vaca Narbaja marcó tres horas, tres horas y cuarto, tres horas quince.
5768278	5771059	Pero si querés venir de vuelta, sos bienvenido.
5771079	5773019	No me llames, ya estoy acá, hermano.
5773299	5776080	Espectacular. No, ya directamente tengo con el pijama.
5776560	5777260	Espectacular.
5777841	5780042	Bueno, muchísimas gracias por todo.
5780282	5785145	Lo hacés muy bien el programa, te felicito a vos y a todos tus colegas.
5785305	5786345	Bueno, muchas gracias, Turco.
5786545	5790527	Para mí es particularmente importante porque, como diría Borges de Macedonio,
5790547	5792608	te he imitado hasta el más apasionado plagio.
5793348	5797130	Así que cierro con ese con ese mimo público.
5797250	5798851	Qué maestro Macedonio.
5798931	5800472	Y la fuente, la fuente.
5800732	5805834	En esa fiesta había tautos ausentes que si faltaba otro más no entraba.
5805874	5807635	No tenía sitio, una maravilla.
5808977	5813322	Finesa de despido absoluto de este método espectacular. Muchas gracias, nos vemos el
5813362	5814703	próximo domingo con quien sea.
